"","time"
"V3_minus_M1","1M"
"V16_plus_M1","1M"
"V29_plus_M1","1M"
"V41_plus_M1","1M"
"N8_plus_M1","1M"
"N20_minus_M1","1M"
"N32_plus_M1","1M"
"N44_plus_M1","1M"
"V4_minus_M1","1M"
"V17_plus_M1","1M"
"V30_plus_M1","1M"
"V42_plus_M1","1M"
"N9_plus_M1","1M"
"N21_minus_M1","1M"
"N33_minus_M1","1M"
"N45_plus_M1","1M"
"V5_minus_M1","1M"
"V18_plus_M1","1M"
"V31_plus_M1","1M"
"N10_plus_M1","1M"
"N22_minus_M1","1M"
"N34_minus_M1","1M"
"B1_minus_M1","1M"
"V19_minus_M1","1M"
"V32_plus_M1","1M"
"V44_plus_M1","1M"
"N11_plus_M1","1M"
"N23_minus_M1","1M"
"N35_minus_M1","1M"
"B2_minus_M1","1M"
"V8_plus_M1","1M"
"V20_minus_M1","1M"
"V33_minus_M1","1M"
"V45_plus_M1","1M"
"N12_plus_M1","1M"
"N24_minus_M1","1M"
"N36_minus_M1","1M"
"B3_minus_M1","1M"
"V9_plus_M1","1M"
"V21_minus_M1","1M"
"V34_minus_M1","1M"
"N1_minus_M1","1M"
"N13_plus_M1","1M"
"N25_plus_M1","1M"
"N37_minus_M1","1M"
"B4_minus_M1","1M"
"V10_plus_M1","1M"
"V23_minus_M1","1M"
"V35_minus_M1","1M"
"N2_minus_M1","1M"
"N14_plus_M1","1M"
"N26_plus_M1","1M"
"N38_minus_M1","1M"
"B5_minus_M1","1M"
"V11_plus_M1","1M"
"V24_minus_M1","1M"
"V36_minus_M1","1M"
"N3_minus_M1","1M"
"N15_plus_M1","1M"
"N27_plus_M1","1M"
"N39_minus_M1","1M"
"B6_minus_M1","1M"
"V12_plus_M1","1M"
"V25_plus_M1","1M"
"V37_minus_M1","1M"
"N4_minus_M1","1M"
"N16_plus_M1","1M"
"N28_plus_M1","1M"
"N40_plus_M1","1M"
"B7_minus_M1","1M"
"V13_plus_M1","1M"
"V26_plus_M1","1M"
"V38_minus_M1","1M"
"N5_minus_M1","1M"
"N17_plus_M1","1M"
"N29_plus_M1","1M"
"N41_plus_M1","1M"
"B8_plus_M1","1M"
"V14_plus_M1","1M"
"V27_plus_M1","1M"
"V39_minus_M1","1M"
"N6_minus_M1","1M"
"N18_plus_M1","1M"
"N30_plus_M1","1M"
"N42_plus_M1","1M"
"B9_plus_M1","1M"
"V15_plus_M1","1M"
"V28_plus_M1","1M"
"V40_plus_M1","1M"
"N7_minus_M1","1M"
"N19_minus_M1","1M"
"N31_plus_M1","1M"
"N43_plus_M1","1M"
"B10_plus_M1","1M"
"B11_plus_M1","1M"
"B23_minus_M1","1M"
"B35_minus_M1","1M"
"L1B_minus_M1","1M"
"L4B_minus_M1","1M"
"L7B_minus_M1","1M"
"L10B_plus_M1","1M"
"L13B_plus_M1","1M"
"B12_plus_M1","1M"
"B24_minus_M1","1M"
"B36_minus_M1","1M"
"L1C_minus_M1","1M"
"L4C_minus_M1","1M"
"L7C_minus_M1","1M"
"L10C_plus_M1","1M"
"L13C_plus_M1","1M"
"B13_plus_M1","1M"
"B25_plus_M1","1M"
"B37_minus_M1","1M"
"L1D_minus_M1","1M"
"L4D_minus_M1","1M"
"L7D_minus_M1","1M"
"L10D_plus_M1","1M"
"L13D_plus_M1","1M"
"B14_plus_M1","1M"
"B26_plus_M1","1M"
"B38_minus_M1","1M"
"L2A_minus_M1","1M"
"L5A_minus_M1","1M"
"L8A_plus_M1","1M"
"L11A_plus_M1","1M"
"L14A_plus_M1","1M"
"B15_plus_M1","1M"
"B27_plus_M1","1M"
"B39_minus_M1","1M"
"L2B_minus_M1","1M"
"L5B_minus_M1","1M"
"L8B_plus_M1","1M"
"L11B_plus_M1","1M"
"L14B_plus_M1","1M"
"B16_plus_M1","1M"
"B28_plus_M1","1M"
"B40_plus_M1","1M"
"L5C_minus_M1","1M"
"L8C_plus_M1","1M"
"L11C_plus_M1","1M"
"L14C_plus_M1","1M"
"B17_plus_M1","1M"
"B29_plus_M1","1M"
"B41_plus_M1","1M"
"L2D_minus_M1","1M"
"L5D_minus_M1","1M"
"L8D_plus_M1","1M"
"L11D_plus_M1","1M"
"L14D_plus_M1","1M"
"B18_plus_M1","1M"
"B30_plus_M1","1M"
"B42_plus_M1","1M"
"L3A_minus_M1","1M"
"L9A_plus_M1","1M"
"L12A_plus_M1","1M"
"L15A_plus_M1","1M"
"B19_minus_M1","1M"
"B31_plus_M1","1M"
"B43_plus_M1","1M"
"L3B_minus_M1","1M"
"L6B_minus_M1","1M"
"L12B_plus_M1","1M"
"L15B_plus_M1","1M"
"B20_minus_M1","1M"
"B32_plus_M1","1M"
"B44_plus_M1","1M"
"L3C_minus_M1","1M"
"L6C_minus_M1","1M"
"L9C_plus_M1","1M"
"L12C_plus_M1","1M"
"L15C_plus_M1","1M"
"B21_minus_M1","1M"
"B33_minus_M1","1M"
"B45_plus_M1","1M"
"L3D_minus_M1","1M"
"L6D_minus_M1","1M"
"L9D_plus_M1","1M"
"L12D_plus_M1","1M"
"L15D_plus_M1","1M"
"B22_minus_M1","1M"
"B34_minus_M1","1M"
"L1A_minus_M1","1M"
"L4A_minus_M1","1M"
"L7A_minus_M1","1M"
"L10A_plus_M1","1M"
"L13A_plus_M1","1M"
"L16A_plus_M1","1M"
"L16B_plus_M1","1M"
"L19B_minus_M1","1M"
"L22B_minus_M1","1M"
"L25B_plus_M1","1M"
"L28B_plus_M1","1M"
"L31B_plus_M1","1M"
"L34B_minus_M1","1M"
"L37C_minus_M1","1M"
"L16C_plus_M1","1M"
"L19C_minus_M1","1M"
"L22C_minus_M1","1M"
"L25C_plus_M1","1M"
"L28C_plus_M1","1M"
"L31C_plus_M1","1M"
"L34C_minus_M1","1M"
"L37D_minus_M1","1M"
"L16D_plus_M1","1M"
"L19D_minus_M1","1M"
"L22D_minus_M1","1M"
"L25D_plus_M1","1M"
"L28D_plus_M1","1M"
"L31D_plus_M1","1M"
"L38A_minus_M1","1M"
"L17A_plus_M1","1M"
"L20A_minus_M1","1M"
"L23A_minus_M1","1M"
"L26A_plus_M1","1M"
"L29A_plus_M1","1M"
"L32A_plus_M1","1M"
"L35A_minus_M1","1M"
"L38B_minus_M1","1M"
"L17B_plus_M1","1M"
"L20B_minus_M1","1M"
"L23B_minus_M1","1M"
"L26B_plus_M1","1M"
"L29B_plus_M1","1M"
"L32B_plus_M1","1M"
"L35B_minus_M1","1M"
"L38C_minus_M1","1M"
"L17C_plus_M1","1M"
"L20C_minus_M1","1M"
"L23C_minus_M1","1M"
"L26C_plus_M1","1M"
"L29C_plus_M1","1M"
"L32C_plus_M1","1M"
"L35C_minus_M1","1M"
"L38D_minus_M1","1M"
"L17D_plus_M1","1M"
"L20D_minus_M1","1M"
"L23D_minus_M1","1M"
"L26D_plus_M1","1M"
"L29D_plus_M1","1M"
"L32D_plus_M1","1M"
"L35D_minus_M1","1M"
"L39A_minus_M1","1M"
"L18A_plus_M1","1M"
"L21A_minus_M1","1M"
"L24A_minus_M1","1M"
"L27A_plus_M1","1M"
"L30A_plus_M1","1M"
"L33A_minus_M1","1M"
"L36A_minus_M1","1M"
"L39B_minus_M1","1M"
"L18B_plus_M1","1M"
"L21B_minus_M1","1M"
"L24B_minus_M1","1M"
"L27B_plus_M1","1M"
"L30B_plus_M1","1M"
"L33B_minus_M1","1M"
"L36C_minus_M1","1M"
"L39C_minus_M1","1M"
"L18C_plus_M1","1M"
"L21C_minus_M1","1M"
"L24C_minus_M1","1M"
"L27C_plus_M1","1M"
"L30C_plus_M1","1M"
"L33C_minus_M1","1M"
"L36D_minus_M1","1M"
"L39D_minus_M1","1M"
"L18D_plus_M1","1M"
"L21D_minus_M1","1M"
"L24D_minus_M1","1M"
"L27D_plus_M1","1M"
"L30D_plus_M1","1M"
"L33D_minus_M1","1M"
"L37A_minus_M1","1M"
"L40A_plus_M1","1M"
"L19A_minus_M1","1M"
"L22A_minus_M1","1M"
"L25A_plus_M1","1M"
"L28A_plus_M1","1M"
"L31A_plus_M1","1M"
"L34A_minus_M1","1M"
"L37B_minus_M1","1M"
"L40B_plus_M1","1M"
"L40C_plus_M1","1M"
"L43C_plus_M1","1M"
"L40D_plus_M1","1M"
"L43D_plus_M1","1M"
"L41A_plus_M1","1M"
"L44A_plus_M1","1M"
"L41B_plus_M1","1M"
"L44B_plus_M1","1M"
"L41C_plus_M1","1M"
"L44C_plus_M1","1M"
"L41D_plus_M1","1M"
"L44D_plus_M1","1M"
"L42A_plus_M1","1M"
"L42B_plus_M1","1M"
"L42C_plus_M1","1M"
"L42D_plus_M1","1M"
"L43A_plus_M1","1M"
"L43B_plus_M1","1M"
"B1_minus_S1","-1W"
"B16_plus_S1","-1W"
"B40_plus_S1","-1W"
"N11_plus_S1","-1W"
"N23_minus_S1","-1W"
"N35_minus_S1","-1W"
"V21_minus_S1","-1W"
"B17_plus_S1","-1W"
"B41_plus_S1","-1W"
"N12_plus_S1","-1W"
"N24_minus_S1","-1W"
"N36_minus_S1","-1W"
"V22_minus_S1","-1W"
"B3_minus_S1","-1W"
"B18_plus_S1","-1W"
"B30_plus_S1","-1W"
"B43_plus_S1","-1W"
"N13_plus_S1","-1W"
"N25_plus_S1","-1W"
"N37_minus_S1","-1W"
"V23_minus_S1","-1W"
"B19_minus_S1","-1W"
"B44_plus_S1","-1W"
"N14_plus_S1","-1W"
"N26_plus_S1","-1W"
"N38_minus_S1","-1W"
"V24_minus_S1","-1W"
"B20_minus_S1","-1W"
"B45_plus_S1","-1W"
"N15_plus_S1","-1W"
"N27_plus_S1","-1W"
"N39_minus_S1","-1W"
"V25_plus_S1","-1W"
"B9_plus_S1","-1W"
"N1_minus_S1","-1W"
"N16_plus_S1","-1W"
"N28_plus_S1","-1W"
"N40_plus_S1","-1W"
"V26_plus_S1","-1W"
"B10_plus_S1","-1W"
"B22_minus_S1","-1W"
"B34_minus_S1","-1W"
"N2_minus_S1","-1W"
"N17_plus_S1","-1W"
"N29_plus_S1","-1W"
"N41_plus_S1","-1W"
"V27_plus_S1","-1W"
"B11_plus_S1","-1W"
"N3_minus_S1","-1W"
"N18_plus_S1","-1W"
"N30_plus_S1","-1W"
"N43_plus_S1","-1W"
"V28_plus_S1","-1W"
"B12_plus_S1","-1W"
"B24_minus_S1","-1W"
"B36_minus_S1","-1W"
"N5_minus_S1","-1W"
"N19_minus_S1","-1W"
"N31_plus_S1","-1W"
"N44_plus_S1","-1W"
"V29_plus_S1","-1W"
"B13_plus_S1","-1W"
"B25_plus_S1","-1W"
"B37_minus_S1","-1W"
"N6_minus_S1","-1W"
"N20_minus_S1","-1W"
"N32_plus_S1","-1W"
"N45_plus_S1","-1W"
"V30_plus_S1","-1W"
"B26_plus_S1","-1W"
"B38_minus_S1","-1W"
"N9_plus_S1","-1W"
"N21_minus_S1","-1W"
"N33_minus_S1","-1W"
"V31_plus_S1","-1W"
"B39_minus_S1","-1W"
"N10_plus_S1","-1W"
"N22_minus_S1","-1W"
"N34_minus_S1","-1W"
"V20_minus_S1","-1W"
"V32_plus_S1","-1W"
"V34_minus_S1","-1W"
"V36_minus_S1","-1W"
"V39_minus_S1","-1W"
"V41_plus_S1","-1W"
"V43_plus_S1","-1W"
"V44_plus_S1","-1W"
"V45_plus_S1","-1W"
"B1_minus_M3","3M"
"B13_plus_M3","3M"
"B25_plus_M3","3M"
"B37_minus_M3","3M"
"N5_minus_M3","3M"
"N17_plus_M3","3M"
"N29_plus_M3","3M"
"N41_plus_M3","3M"
"B2_minus_M3","3M"
"B14_plus_M3","3M"
"B26_plus_M3","3M"
"B38_minus_M3","3M"
"N6_minus_M3","3M"
"N18_plus_M3","3M"
"N30_plus_M3","3M"
"N42_plus_M3","3M"
"B3_minus_M3","3M"
"B15_plus_M3","3M"
"B27_plus_M3","3M"
"N7_minus_M3","3M"
"N19_minus_M3","3M"
"N31_plus_M3","3M"
"N43_plus_M3","3M"
"B4_minus_M3","3M"
"B16_plus_M3","3M"
"B40_plus_M3","3M"
"N8_plus_M3","3M"
"N20_minus_M3","3M"
"N32_plus_M3","3M"
"N44_plus_M3","3M"
"B5_minus_M3","3M"
"B17_plus_M3","3M"
"B29_plus_M3","3M"
"B41_plus_M3","3M"
"N9_plus_M3","3M"
"N21_minus_M3","3M"
"N33_minus_M3","3M"
"V1_minus_M3","3M"
"B6_minus_M3","3M"
"B18_plus_M3","3M"
"B30_plus_M3","3M"
"B42_plus_M3","3M"
"N10_plus_M3","3M"
"N22_minus_M3","3M"
"N34_minus_M3","3M"
"V2_minus_M3","3M"
"B7_minus_M3","3M"
"B19_minus_M3","3M"
"B31_plus_M3","3M"
"B43_plus_M3","3M"
"N11_plus_M3","3M"
"N23_minus_M3","3M"
"V3_minus_M3","3M"
"B8_plus_M3","3M"
"B20_minus_M3","3M"
"B32_plus_M3","3M"
"B44_plus_M3","3M"
"N12_plus_M3","3M"
"N24_minus_M3","3M"
"N36_minus_M3","3M"
"V4_minus_M3","3M"
"B9_plus_M3","3M"
"B21_minus_M3","3M"
"B33_minus_M3","3M"
"N1_minus_M3","3M"
"N13_plus_M3","3M"
"N25_plus_M3","3M"
"N37_minus_M3","3M"
"V5_minus_M3","3M"
"B10_plus_M3","3M"
"B22_minus_M3","3M"
"B34_minus_M3","3M"
"N2_minus_M3","3M"
"N14_plus_M3","3M"
"N26_plus_M3","3M"
"N38_minus_M3","3M"
"V6_minus_M3","3M"
"B11_plus_M3","3M"
"B35_minus_M3","3M"
"N3_minus_M3","3M"
"N15_plus_M3","3M"
"N27_plus_M3","3M"
"N39_minus_M3","3M"
"V7_minus_M3","3M"
"B12_plus_M3","3M"
"B24_minus_M3","3M"
"B36_minus_M3","3M"
"N4_minus_M3","3M"
"N16_plus_M3","3M"
"N28_plus_M3","3M"
"N40_plus_M3","3M"
"V9_plus_M3","3M"
"V21_minus_M3","3M"
"V33_minus_M3","3M"
"L1A_minus_M3","3M"
"L4A_minus_M3","3M"
"L7A_minus_M3","3M"
"L10A_plus_M3","3M"
"L13A_plus_M3","3M"
"V10_plus_M3","3M"
"V22_minus_M3","3M"
"V34_minus_M3","3M"
"L1B_minus_M3","3M"
"L4B_minus_M3","3M"
"L7B_minus_M3","3M"
"L10B_plus_M3","3M"
"V11_plus_M3","3M"
"V23_minus_M3","3M"
"V35_minus_M3","3M"
"L1C_minus_M3","3M"
"L7C_minus_M3","3M"
"L10C_plus_M3","3M"
"L13C_plus_M3","3M"
"V12_plus_M3","3M"
"V36_minus_M3","3M"
"L1D_minus_M3","3M"
"L7D_minus_M3","3M"
"L10D_plus_M3","3M"
"L13D_plus_M3","3M"
"V13_plus_M3","3M"
"V25_plus_M3","3M"
"V37_minus_M3","3M"
"L2A_minus_M3","3M"
"L5A_minus_M3","3M"
"L11A_plus_M3","3M"
"L14A_plus_M3","3M"
"V14_plus_M3","3M"
"V26_plus_M3","3M"
"V38_minus_M3","3M"
"L2B_minus_M3","3M"
"L5B_minus_M3","3M"
"L8B_plus_M3","3M"
"L11B_plus_M3","3M"
"L14B_plus_M3","3M"
"V15_plus_M3","3M"
"V27_plus_M3","3M"
"V39_minus_M3","3M"
"L5C_minus_M3","3M"
"L8C_plus_M3","3M"
"L11C_plus_M3","3M"
"L14C_plus_M3","3M"
"V28_plus_M3","3M"
"V40_plus_M3","3M"
"L2D_minus_M3","3M"
"L5D_minus_M3","3M"
"L8D_plus_M3","3M"
"V17_plus_M3","3M"
"V29_plus_M3","3M"
"V41_plus_M3","3M"
"L6A_minus_M3","3M"
"L9A_plus_M3","3M"
"L15A_plus_M3","3M"
"V18_plus_M3","3M"
"V30_plus_M3","3M"
"V42_plus_M3","3M"
"L3B_minus_M3","3M"
"L6B_minus_M3","3M"
"V19_minus_M3","3M"
"V31_plus_M3","3M"
"V43_plus_M3","3M"
"L3C_minus_M3","3M"
"L12C_plus_M3","3M"
"L15C_plus_M3","3M"
"V20_minus_M3","3M"
"V32_plus_M3","3M"
"V44_plus_M3","3M"
"L3D_minus_M3","3M"
"L6D_minus_M3","3M"
"L9D_plus_M3","3M"
"L12D_plus_M3","3M"
"L16A_plus_M3","3M"
"L19A_minus_M3","3M"
"L25A_plus_M3","3M"
"L28A_plus_M3","3M"
"L31A_plus_M3","3M"
"L34A_minus_M3","3M"
"L37A_minus_M3","3M"
"L19B_minus_M3","3M"
"L22B_minus_M3","3M"
"L25B_plus_M3","3M"
"L28B_plus_M3","3M"
"L31B_plus_M3","3M"
"L34B_minus_M3","3M"
"L37B_minus_M3","3M"
"L19C_minus_M3","3M"
"L22C_minus_M3","3M"
"L25C_plus_M3","3M"
"L28C_plus_M3","3M"
"L31C_plus_M3","3M"
"L34C_minus_M3","3M"
"L37C_minus_M3","3M"
"L19D_minus_M3","3M"
"L22D_minus_M3","3M"
"L25D_plus_M3","3M"
"L28D_plus_M3","3M"
"L31D_plus_M3","3M"
"L34D_minus_M3","3M"
"L37D_minus_M3","3M"
"L17A_plus_M3","3M"
"L20A_minus_M3","3M"
"L26A_plus_M3","3M"
"L29A_plus_M3","3M"
"L32A_plus_M3","3M"
"L38A_minus_M3","3M"
"L17B_plus_M3","3M"
"L23B_minus_M3","3M"
"L26B_plus_M3","3M"
"L29B_plus_M3","3M"
"L32B_plus_M3","3M"
"L35B_minus_M3","3M"
"L38B_minus_M3","3M"
"L17C_plus_M3","3M"
"L20C_minus_M3","3M"
"L26C_plus_M3","3M"
"L29C_plus_M3","3M"
"L32C_plus_M3","3M"
"L35C_minus_M3","3M"
"L38C_minus_M3","3M"
"L17D_plus_M3","3M"
"L23D_minus_M3","3M"
"L26D_plus_M3","3M"
"L29D_plus_M3","3M"
"L32D_plus_M3","3M"
"L35D_minus_M3","3M"
"L38D_minus_M3","3M"
"L18A_plus_M3","3M"
"L21A_minus_M3","3M"
"L24A_minus_M3","3M"
"L27A_plus_M3","3M"
"L36A_minus_M3","3M"
"L39A_minus_M3","3M"
"L18B_plus_M3","3M"
"L21B_minus_M3","3M"
"L24B_minus_M3","3M"
"L27B_plus_M3","3M"
"L30B_plus_M3","3M"
"L33B_minus_M3","3M"
"L36B_minus_M3","3M"
"L39C_minus_M3","3M"
"L18C_plus_M3","3M"
"L21C_minus_M3","3M"
"L24C_minus_M3","3M"
"L27C_plus_M3","3M"
"L33C_minus_M3","3M"
"L39D_minus_M3","3M"
"L18D_plus_M3","3M"
"L21D_minus_M3","3M"
"L24D_minus_M3","3M"
"L27D_plus_M3","3M"
"L30D_plus_M3","3M"
"L33D_minus_M3","3M"
"L36D_minus_M3","3M"
"L40B_plus_M3","3M"
"L43B_plus_M3","3M"
"V8_plus_M3","3M"
"L40C_plus_M3","3M"
"L43C_plus_M3","3M"
"L40D_plus_M3","3M"
"L43D_plus_M3","3M"
"L40A_plus_M3","3M"
"L41A_plus_M3","3M"
"L44A_plus_M3","3M"
"L41B_plus_M3","3M"
"L41C_plus_M3","3M"
"L44C_plus_M3","3M"
"L41D_plus_M3","3M"
"L44D_plus_M3","3M"
"L42A_plus_M3","3M"
"L42B_plus_M3","3M"
"L43A_plus_M3","3M"
"B1_minus_M7","7M"
"B13_plus_M7","7M"
"B25_plus_M7","7M"
"N6_minus_M7","7M"
"N30_plus_M7","7M"
"N43_plus_M7","7M"
"B2_minus_M7","7M"
"B14_plus_M7","7M"
"B26_plus_M7","7M"
"B38_minus_M7","7M"
"N7_minus_M7","7M"
"N19_minus_M7","7M"
"N31_plus_M7","7M"
"B3_minus_M7","7M"
"B27_plus_M7","7M"
"B40_plus_M7","7M"
"N8_plus_M7","7M"
"N20_minus_M7","7M"
"N32_plus_M7","7M"
"V1_minus_M7","7M"
"B4_minus_M7","7M"
"B16_plus_M7","7M"
"B28_plus_M7","7M"
"B41_plus_M7","7M"
"N9_plus_M7","7M"
"N21_minus_M7","7M"
"N33_minus_M7","7M"
"V2_minus_M7","7M"
"B5_minus_M7","7M"
"B17_plus_M7","7M"
"B29_plus_M7","7M"
"B42_plus_M7","7M"
"N10_plus_M7","7M"
"N22_minus_M7","7M"
"N34_minus_M7","7M"
"V3_minus_M7","7M"
"B6_minus_M7","7M"
"B18_plus_M7","7M"
"B30_plus_M7","7M"
"B43_plus_M7","7M"
"N23_minus_M7","7M"
"N35_minus_M7","7M"
"V4_minus_M7","7M"
"B7_minus_M7","7M"
"B19_minus_M7","7M"
"B44_plus_M7","7M"
"N24_minus_M7","7M"
"V5_minus_M7","7M"
"B8_plus_M7","7M"
"B32_plus_M7","7M"
"N1_minus_M7","7M"
"N25_plus_M7","7M"
"N37_minus_M7","7M"
"V6_minus_M7","7M"
"B9_plus_M7","7M"
"B21_minus_M7","7M"
"B33_minus_M7","7M"
"N2_minus_M7","7M"
"N14_plus_M7","7M"
"N26_plus_M7","7M"
"N38_minus_M7","7M"
"B22_minus_M7","7M"
"B34_minus_M7","7M"
"N3_minus_M7","7M"
"N15_plus_M7","7M"
"N27_plus_M7","7M"
"B11_plus_M7","7M"
"B23_minus_M7","7M"
"B35_minus_M7","7M"
"N4_minus_M7","7M"
"N28_plus_M7","7M"
"N41_plus_M7","7M"
"V9_plus_M7","7M"
"B12_plus_M7","7M"
"B24_minus_M7","7M"
"B36_minus_M7","7M"
"N5_minus_M7","7M"
"N17_plus_M7","7M"
"N29_plus_M7","7M"
"N42_plus_M7","7M"
"L2A_minus_M7","7M"
"L5A_minus_M7","7M"
"L14A_plus_M7","7M"
"V12_plus_M7","7M"
"V25_plus_M7","7M"
"V37_minus_M7","7M"
"L2B_minus_M7","7M"
"L5B_minus_M7","7M"
"L11B_plus_M7","7M"
"L14B_plus_M7","7M"
"V26_plus_M7","7M"
"L2C_minus_M7","7M"
"L5C_minus_M7","7M"
"L11C_plus_M7","7M"
"L14C_plus_M7","7M"
"V14_plus_M7","7M"
"V27_plus_M7","7M"
"L2D_minus_M7","7M"
"L5D_minus_M7","7M"
"L8D_plus_M7","7M"
"L14D_plus_M7","7M"
"V15_plus_M7","7M"
"V28_plus_M7","7M"
"V41_plus_M7","7M"
"L3A_minus_M7","7M"
"L6A_minus_M7","7M"
"L9A_plus_M7","7M"
"L12A_plus_M7","7M"
"L15A_plus_M7","7M"
"V16_plus_M7","7M"
"V29_plus_M7","7M"
"V42_plus_M7","7M"
"L3B_minus_M7","7M"
"L6B_minus_M7","7M"
"L12B_plus_M7","7M"
"L15B_plus_M7","7M"
"V17_plus_M7","7M"
"V30_plus_M7","7M"
"L3C_minus_M7","7M"
"L6C_minus_M7","7M"
"L9C_plus_M7","7M"
"L12C_plus_M7","7M"
"L15C_plus_M7","7M"
"V31_plus_M7","7M"
"L6D_minus_M7","7M"
"L9D_plus_M7","7M"
"L12D_plus_M7","7M"
"L15D_plus_M7","7M"
"V19_minus_M7","7M"
"V32_plus_M7","7M"
"L1A_minus_M7","7M"
"L7A_minus_M7","7M"
"L10A_plus_M7","7M"
"L13A_plus_M7","7M"
"L16A_plus_M7","7M"
"V20_minus_M7","7M"
"V33_minus_M7","7M"
"L1B_minus_M7","7M"
"L4B_minus_M7","7M"
"L7B_minus_M7","7M"
"L10B_plus_M7","7M"
"L13B_plus_M7","7M"
"L16B_plus_M7","7M"
"V21_minus_M7","7M"
"V34_minus_M7","7M"
"L1C_minus_M7","7M"
"L4C_minus_M7","7M"
"L7C_minus_M7","7M"
"L10C_plus_M7","7M"
"L13C_plus_M7","7M"
"L16C_plus_M7","7M"
"V23_minus_M7","7M"
"V35_minus_M7","7M"
"L4D_minus_M7","7M"
"L10D_plus_M7","7M"
"L13D_plus_M7","7M"
"L17A_plus_M7","7M"
"L20A_minus_M7","7M"
"L23A_minus_M7","7M"
"L26A_plus_M7","7M"
"L29A_plus_M7","7M"
"L32A_plus_M7","7M"
"L35A_minus_M7","7M"
"L17B_plus_M7","7M"
"L20B_minus_M7","7M"
"L23B_minus_M7","7M"
"L26B_plus_M7","7M"
"L29B_plus_M7","7M"
"L32B_plus_M7","7M"
"L35B_minus_M7","7M"
"L38C_minus_M7","7M"
"L17C_plus_M7","7M"
"L20C_minus_M7","7M"
"L23C_minus_M7","7M"
"L26C_plus_M7","7M"
"L29C_plus_M7","7M"
"L32C_plus_M7","7M"
"L38D_minus_M7","7M"
"L17D_plus_M7","7M"
"L23D_minus_M7","7M"
"L26D_plus_M7","7M"
"L32D_plus_M7","7M"
"L35D_minus_M7","7M"
"L40A_plus_M7","7M"
"L18A_plus_M7","7M"
"L21A_minus_M7","7M"
"L24A_minus_M7","7M"
"L27A_plus_M7","7M"
"L40B_plus_M7","7M"
"L18B_plus_M7","7M"
"L21B_minus_M7","7M"
"L24B_minus_M7","7M"
"L27B_plus_M7","7M"
"L30B_plus_M7","7M"
"L33B_minus_M7","7M"
"L40C_plus_M7","7M"
"L18C_plus_M7","7M"
"L21C_minus_M7","7M"
"L24C_minus_M7","7M"
"L30C_plus_M7","7M"
"L33C_minus_M7","7M"
"L36D_minus_M7","7M"
"L40D_plus_M7","7M"
"L18D_plus_M7","7M"
"L21D_minus_M7","7M"
"L24D_minus_M7","7M"
"L27D_plus_M7","7M"
"L30D_plus_M7","7M"
"L37A_minus_M7","7M"
"L19A_minus_M7","7M"
"L22A_minus_M7","7M"
"L25A_plus_M7","7M"
"L28A_plus_M7","7M"
"L31A_plus_M7","7M"
"L34A_minus_M7","7M"
"L41B_plus_M7","7M"
"L19B_minus_M7","7M"
"L22B_minus_M7","7M"
"L25B_plus_M7","7M"
"L28B_plus_M7","7M"
"L31B_plus_M7","7M"
"L34B_minus_M7","7M"
"L37C_minus_M7","7M"
"L41C_plus_M7","7M"
"L19C_minus_M7","7M"
"L22C_minus_M7","7M"
"L25C_plus_M7","7M"
"L31C_plus_M7","7M"
"L19D_minus_M7","7M"
"L22D_minus_M7","7M"
"L28D_plus_M7","7M"
"L31D_plus_M7","7M"
"L38A_minus_M7","7M"
"L42B_plus_M7","7M"
"V10_plus_M7","7M"
"L16D_plus_M7","7M"
"L42A_plus_M7","7M"
"L43C_plus_M7","7M"
"L44A_plus_M7","7M"
"L44B_plus_M7","7M"
"L44D_plus_M7","7M"
